subject_id,rt,is_correct,response_text,target,angle,targetFreq,outer_loop_iteration
004wqdkhf0,5284,1,gled,gled,60,HF,NA
004wqdkhf0,5321,1,noobda,noobda,240,HF,NA
004wqdkhf0,2362,1,grah,grah,195,HF,NA
004wqdkhf0,5794,1,blit,blit,105,LF,NA
004wqdkhf0,3799,1,gorm,gorm,330,LF,NA
004wqdkhf0,3632,1,noom,noom,15,HF,NA
004wqdkhf0,2914,1,clate,clate,150,LF,NA
004wqdkhf0,2899,1,pim,pim,285,LF,NA
00svyxzszl,1849,1,noom,noom,60,HF,NA
00svyxzszl,3452,1,grah,grah,150,LF,NA
00svyxzszl,2216,0,blit,gled,285,LF,NA
00svyxzszl,1668,1,pim,pim,15,HF,NA
00svyxzszl,4045,1,gorm,gorm,105,LF,NA
00svyxzszl,1430,1,noobda,noobda,240,HF,NA
00svyxzszl,1984,1,clate,clate,195,HF,NA
00svyxzszl,2727,1,blit,blit,330,LF,NA
0816avbpvr,5322,1,gled,gled,240,HF,NA
0816avbpvr,19208,1,noobda,noobda,330,LF,NA
0816avbpvr,9152,1,grah,grah,105,LF,NA
0816avbpvr,3696,1,noom,noom,15,HF,NA
0816avbpvr,5578,1,gorm,gorm,285,LF,NA
0816avbpvr,5637,1,clate,clate,60,HF,NA
0816avbpvr,4158,1,pim,pim,195,HF,NA
0816avbpvr,3914,1,blit,blit,150,LF,NA
0gfsz2bllc,4106,1,gled,gled,15,HF,NA
0gfsz2bllc,2907,1,blit,blit,195,HF,NA
0gfsz2bllc,3043,1,clate,clate,240,HF,NA
0gfsz2bllc,2368,1,pim,pim,105,LF,NA
0gfsz2bllc,7492,1,noobda,noobda,285,LF,NA
0gfsz2bllc,4670,1,gorm,gorm,60,HF,NA
0gfsz2bllc,3507,1,grah,grah,150,LF,NA
0gfsz2bllc,3680,1,noom,noom,330,LF,NA
0og2o11kwq,7175,1,noobda,noobda,60,HF,NA
0og2o11kwq,8307,1,grah,grah,330,LF,NA
0og2o11kwq,5817,1,pim,pim,105,LF,NA
0og2o11kwq,4553,1,clate,clate,195,HF,NA
0og2o11kwq,4987,1,blit,blit,285,LF,NA
0og2o11kwq,2804,1,noom,noom,15,HF,NA
0og2o11kwq,4160,1,gorm,gorm,240,HF,NA
0og2o11kwq,5099,1,gled,gled,150,LF,NA
100cs4w6vo,2474,1,clate,clate,285,LF,NA
100cs4w6vo,2954,1,gorm,gorm,330,LF,NA
100cs4w6vo,1629,1,grah,grah,15,HF,NA
100cs4w6vo,2511,1,noobda,noobda,195,HF,NA
100cs4w6vo,2272,1,gled,gled,60,HF,NA
100cs4w6vo,3579,1,blit,blit,240,HF,NA
100cs4w6vo,1709,1,pim,pim,150,LF,NA
100cs4w6vo,1326,1,noom,noom,105,LF,NA
17uwg19m6q,6210,1,grah,grah,330,LF,NA
17uwg19m6q,4286,1,blit,blit,195,HF,NA
17uwg19m6q,3703,1,gled,gled,105,LF,NA
17uwg19m6q,4260,1,clate,clate,240,HF,NA
17uwg19m6q,4451,1,noobda,noobda,150,LF,NA
17uwg19m6q,8490,1,gorm,gorm,15,HF,NA
17uwg19m6q,3985,1,noom,noom,60,HF,NA
17uwg19m6q,3464,1,pim,pim,285,LF,NA
1soyo4hsam,15851,1,gorm,gorm,240,HF,NA
1soyo4hsam,4837,1,gled,gled,60,HF,NA
1soyo4hsam,4657,1,blit,blit,105,LF,NA
1soyo4hsam,3870,1,clate,clate,285,LF,NA
1soyo4hsam,3732,1,noom,noom,150,LF,NA
1soyo4hsam,11378,1,noobda,noobda,15,HF,NA
1soyo4hsam,10508,1,grah,grah,195,HF,NA
1soyo4hsam,3638,1,pim,pim,330,LF,NA
228trnawa2,5277,1,gorm,gorm,195,HF,NA
228trnawa2,10240,1,gled,gled,150,LF,NA
228trnawa2,3254,1,clate,clate,105,LF,NA
228trnawa2,2644,1,blit,blit,240,HF,NA
228trnawa2,3594,1,noobda,noobda,60,HF,NA
228trnawa2,2260,1,noom,noom,15,HF,NA
228trnawa2,3297,1,grah,grah,330,LF,NA
228trnawa2,2963,1,pim,pim,285,LF,NA
2ajfjw1an2,9383,1,noom,noom,150,LF,NA
2ajfjw1an2,3519,1,pim,pim,15,HF,NA
2ajfjw1an2,10663,1,gorm,gorm,60,HF,NA
2ajfjw1an2,8734,1,grah,grah,330,LF,NA
2ajfjw1an2,4743,1,blit,blit,105,LF,NA
2ajfjw1an2,4047,1,noobda,noobda,240,HF,NA
2ajfjw1an2,9639,1,gled,gled,195,HF,NA
2ajfjw1an2,4631,1,clate,clate,285,LF,NA
2zsvx9rzg5,9990,1,gorm,gorm,105,LF,NA
2zsvx9rzg5,15164,1,noom,noom,285,LF,NA
2zsvx9rzg5,7958,1,noobda,noobda,150,LF,NA
2zsvx9rzg5,3314,1,pim,pim,60,HF,NA
2zsvx9rzg5,6302,1,gled,gled,240,HF,NA
2zsvx9rzg5,4334,1,grah,grah,330,LF,NA
2zsvx9rzg5,3044,1,clate,clate,195,HF,NA
2zsvx9rzg5,2518,1,blit,blit,15,HF,NA
347ayj5ekt,5759,1,gled,gled,285,LF,NA
347ayj5ekt,5666,1,clate,clate,195,HF,NA
347ayj5ekt,3631,1,blit,blit,15,HF,NA
347ayj5ekt,3771,0,grom,gorm,240,HF,NA
347ayj5ekt,4967,1,noobda,noobda,150,LF,NA
347ayj5ekt,3208,1,noom,noom,105,LF,NA
347ayj5ekt,3174,1,pim,pim,60,HF,NA
347ayj5ekt,5055,1,grah,grah,330,LF,NA
37mv25m0z1,3813,1,clate,clate,330,LF,NA
37mv25m0z1,4760,1,noom,noom,285,LF,NA
37mv25m0z1,6712,1,pim,pim,15,HF,NA
37mv25m0z1,3656,1,gled,gled,60,HF,NA
37mv25m0z1,6924,0,grom,blit,150,LF,NA
37mv25m0z1,7973,0,grom,gorm,240,HF,NA
37mv25m0z1,3043,1,noobda,noobda,195,HF,NA
37mv25m0z1,9521,1,grah,grah,105,LF,NA
3h7y2h34t3,5430,1,clate,clate,285,LF,NA
3h7y2h34t3,5933,1,pim,pim,60,HF,NA
3h7y2h34t3,3291,1,grah,grah,195,HF,NA
3h7y2h34t3,8060,1,noobda,noobda,15,HF,NA
3h7y2h34t3,5446,1,gorm,gorm,105,LF,NA
3h7y2h34t3,3754,1,noom,noom,240,HF,NA
3h7y2h34t3,4092,1,gled,gled,150,LF,NA
3h7y2h34t3,3742,1,blit,blit,330,LF,NA
3kog23fzrk,9570,1,noobda,noobda,105,LF,NA
3kog23fzrk,4330,1,grah,grah,195,HF,NA
3kog23fzrk,2794,1,pim,pim,240,HF,NA
3kog23fzrk,3306,1,clate,clate,150,LF,NA
3kog23fzrk,8484,1,noom,noom,330,LF,NA
3kog23fzrk,9020,0,gled,gorm,15,HF,NA
3kog23fzrk,2858,1,blit,blit,285,LF,NA
3kog23fzrk,3607,1,gled,gled,60,HF,NA
3qkywmtj6u,5657,1,clate,clate,60,HF,NA
3qkywmtj6u,3953,1,blit,blit,240,HF,NA
3qkywmtj6u,2815,1,pim,pim,150,LF,NA
3qkywmtj6u,5779,1,noom,noom,285,LF,NA
3qkywmtj6u,3383,0,gorm,gled,330,LF,NA
3qkywmtj6u,5588,1,gorm,gorm,15,HF,NA
3qkywmtj6u,7298,1,noobda,noobda,105,LF,NA
3qkywmtj6u,3592,0,gled,grah,195,HF,NA
3tmbt3lrc9,6734,1,noobda,noobda,285,LF,NA
3tmbt3lrc9,5140,1,gorm,gorm,105,LF,NA
3tmbt3lrc9,3233,1,gled,gled,60,HF,NA
3tmbt3lrc9,3405,1,clate,clate,15,HF,NA
3tmbt3lrc9,9829,1,noom,noom,195,HF,NA
3tmbt3lrc9,3172,1,pim,pim,330,LF,NA
3tmbt3lrc9,4588,1,blit,blit,150,LF,NA
3tmbt3lrc9,6261,1,grah,grah,240,HF,NA
3vkvs43hms,3710,1,gorm,gorm,195,HF,NA
3vkvs43hms,3879,1,noobda,noobda,240,HF,NA
3vkvs43hms,3381,1,gled,gled,60,HF,NA
3vkvs43hms,4631,1,grah,grah,285,LF,NA
3vkvs43hms,4832,0,gled,blit,15,HF,NA
3vkvs43hms,4814,1,clate,clate,105,LF,NA
3vkvs43hms,2401,1,pim,pim,150,LF,NA
3vkvs43hms,2998,1,noom,noom,330,LF,NA
3vy59ur9wu,7865,0,pim,gorm,195,HF,NA
3vy59ur9wu,8036,0,gled,clate,330,LF,NA
3vy59ur9wu,4178,1,pim,pim,150,LF,NA
3vy59ur9wu,242,0,NA,noobda,240,HF,NA
3vy59ur9wu,8380,0,clate,grah,60,HF,NA
3vy59ur9wu,6578,0,noom,blit,105,LF,NA
3vy59ur9wu,6738,0,grah,noom,285,LF,NA
3vy59ur9wu,9700,0,blit,gled,15,HF,NA
48345bnnyx,3604,1,noobda,noobda,15,HF,NA
48345bnnyx,9181,1,clate,clate,195,HF,NA
48345bnnyx,2062,1,gorm,gorm,60,HF,NA
48345bnnyx,2698,1,blit,blit,240,HF,NA
48345bnnyx,12462,0,grah,noom,330,LF,NA
48345bnnyx,15292,1,grah,grah,285,LF,NA
48345bnnyx,11644,1,gled,gled,150,LF,NA
48345bnnyx,4409,1,pim,pim,105,LF,NA
49vcv3f2hj,3556,0,grom,gorm,150,LF,NA
49vcv3f2hj,3119,1,noom,noom,285,LF,NA
49vcv3f2hj,3246,1,clate,clate,330,LF,NA
49vcv3f2hj,2197,1,blit,blit,195,HF,NA
49vcv3f2hj,2714,1,noobda,noobda,240,HF,NA
49vcv3f2hj,3118,1,pim,pim,105,LF,NA
49vcv3f2hj,2639,1,grah,grah,15,HF,NA
49vcv3f2hj,1558,1,gled,gled,60,HF,NA
4efyfjjlpj,16618,1,noobda,noobda,330,LF,NA
4efyfjjlpj,5734,1,grah,grah,285,LF,NA
4efyfjjlpj,6592,1,noom,noom,195,HF,NA
4efyfjjlpj,2918,1,pim,pim,150,LF,NA
4efyfjjlpj,2115,1,blit,blit,105,LF,NA
4efyfjjlpj,5867,1,gorm,gorm,60,HF,NA
4efyfjjlpj,3824,1,clate,clate,240,HF,NA
4efyfjjlpj,3067,1,gled,gled,15,HF,NA
4fwyjkj1za,2271,1,gorm,gorm,60,HF,NA
4fwyjkj1za,1877,1,gled,gled,15,HF,NA
4fwyjkj1za,3127,1,noom,noom,285,LF,NA
4fwyjkj1za,3363,1,grah,grah,240,HF,NA
4fwyjkj1za,2001,1,blit,blit,195,HF,NA
4fwyjkj1za,1585,1,pim,pim,105,LF,NA
4fwyjkj1za,2069,1,clate,clate,330,LF,NA
4fwyjkj1za,2688,1,noobda,noobda,150,LF,NA
4ru9b8o7dw,5214,1,grah,grah,285,LF,NA
4ru9b8o7dw,3237,1,clate,clate,240,HF,NA
4ru9b8o7dw,4191,1,gorm,gorm,105,LF,NA
4ru9b8o7dw,2869,1,pim,pim,60,HF,NA
4ru9b8o7dw,13114,1,noobda,noobda,150,LF,NA
4ru9b8o7dw,3243,1,gled,gled,330,LF,NA
4ru9b8o7dw,4763,1,noom,noom,15,HF,NA
4ru9b8o7dw,3425,1,blit,blit,195,HF,NA
4wgsho2y5e,3420,1,pim,pim,285,LF,NA
4wgsho2y5e,2719,1,clate,clate,105,LF,NA
4wgsho2y5e,3536,1,gorm,gorm,60,HF,NA
4wgsho2y5e,4606,1,noobda,noobda,195,HF,NA
4wgsho2y5e,1919,1,noom,noom,240,HF,NA
4wgsho2y5e,2303,1,blit,blit,15,HF,NA
4wgsho2y5e,2926,1,grah,grah,150,LF,NA
4wgsho2y5e,4063,1,gled,gled,330,LF,NA
5jspkcsw6z,3634,1,noobda,noobda,240,HF,NA
5jspkcsw6z,3515,1,clate,clate,195,HF,NA
5jspkcsw6z,3683,1,noom,noom,105,LF,NA
5jspkcsw6z,3334,1,gled,gled,15,HF,NA
5jspkcsw6z,3497,1,gorm,gorm,330,LF,NA
5jspkcsw6z,7418,0,gruh,grah,60,HF,NA
5jspkcsw6z,2535,1,blit,blit,150,LF,NA
5jspkcsw6z,1838,1,pim,pim,285,LF,NA
5l61gsvc1l,4072,1,clate,clate,240,HF,NA
5l61gsvc1l,3810,0,grom,gorm,105,LF,NA
5l61gsvc1l,18335,0,clate,grah,195,HF,NA
5l61gsvc1l,4784,1,noobda,noobda,150,LF,NA
5l61gsvc1l,8747,1,gled,gled,15,HF,NA
5l61gsvc1l,6851,0,blit,noom,330,LF,NA
5l61gsvc1l,1910,1,pim,pim,60,HF,NA
5l61gsvc1l,3014,1,blit,blit,285,LF,NA
5yh11gh1l4,2432,1,clate,clate,60,HF,NA
5yh11gh1l4,2082,1,gorm,gorm,15,HF,NA
5yh11gh1l4,2281,1,noom,noom,150,LF,NA
5yh11gh1l4,6219,0,glah,grah,330,LF,NA
5yh11gh1l4,2879,1,gled,gled,195,HF,NA
5yh11gh1l4,3965,1,blit,blit,105,LF,NA
5yh11gh1l4,2165,1,pim,pim,285,LF,NA
5yh11gh1l4,2632,1,noobda,noobda,240,HF,NA
6xoge0l42e,4335,1,pim,pim,195,HF,NA
6xoge0l42e,1931,1,grah,grah,105,LF,NA
6xoge0l42e,2471,1,gorm,gorm,240,HF,NA
6xoge0l42e,1519,1,blit,blit,60,HF,NA
6xoge0l42e,3256,0,noom,noobda,330,LF,NA
6xoge0l42e,2198,1,gled,gled,150,LF,NA
6xoge0l42e,2305,0,noobda,clate,285,LF,NA
6xoge0l42e,2190,1,noom,noom,15,HF,NA
7b5zaqqw0t,3377,1,pim,pim,105,LF,NA
7b5zaqqw0t,117,0,NA,noom,15,HF,NA
7b5zaqqw0t,3934,0,grah,gorm,195,HF,NA
7b5zaqqw0t,3700,1,noobda,noobda,150,LF,NA
7b5zaqqw0t,7056,0,gorm,blit,330,LF,NA
7b5zaqqw0t,4712,1,grah,grah,60,HF,NA
7b5zaqqw0t,7063,1,gled,gled,240,HF,NA
7b5zaqqw0t,3802,1,clate,clate,285,LF,NA
7cegegnp9l,3309,1,gled,gled,240,HF,NA
7cegegnp9l,2512,1,clate,clate,105,LF,NA
7cegegnp9l,3672,1,blit,blit,285,LF,NA
7cegegnp9l,3570,1,noobda,noobda,150,LF,NA
7cegegnp9l,4251,1,grah,grah,330,LF,NA
7cegegnp9l,2007,1,noom,noom,15,HF,NA
7cegegnp9l,4706,1,gorm,gorm,60,HF,NA
7cegegnp9l,2056,1,pim,pim,195,HF,NA
7m9l448o1u,19603,1,gled,gled,105,LF,NA
7m9l448o1u,9309,1,noobda,noobda,195,HF,NA
7m9l448o1u,10371,1,gorm,gorm,240,HF,NA
7m9l448o1u,4319,0,NA,clate,330,LF,NA
7m9l448o1u,8014,1,pim,pim,60,HF,NA
7m9l448o1u,8145,1,grah,grah,285,LF,NA
7m9l448o1u,5978,0,NA,blit,150,LF,NA
7m9l448o1u,5625,1,noom,noom,15,HF,NA
7sqxdgaxbu,4023,1,noobda,noobda,285,LF,NA
7sqxdgaxbu,2444,1,blit,blit,105,LF,NA
7sqxdgaxbu,2245,1,noom,noom,15,HF,NA
7sqxdgaxbu,2209,1,grah,grah,150,LF,NA
7sqxdgaxbu,2872,1,pim,pim,195,HF,NA
7sqxdgaxbu,3234,1,gled,gled,60,HF,NA
7sqxdgaxbu,4034,1,clate,clate,330,LF,NA
7sqxdgaxbu,3122,1,gorm,gorm,240,HF,NA
83a3d9g0s4,8401,1,blit,blit,60,HF,NA
83a3d9g0s4,8629,1,noom,noom,105,LF,NA
83a3d9g0s4,9671,1,clate,clate,240,HF,NA
83a3d9g0s4,12630,1,noobda,noobda,195,HF,NA
83a3d9g0s4,5160,1,grah,grah,150,LF,NA
83a3d9g0s4,13544,1,gorm,gorm,330,LF,NA
83a3d9g0s4,5169,1,gled,gled,15,HF,NA
83a3d9g0s4,4189,1,pim,pim,285,LF,NA
8555m8vlxh,2603,1,noom,noom,195,HF,NA
8555m8vlxh,4163,1,gled,gled,60,HF,NA
8555m8vlxh,4576,1,grah,grah,330,LF,NA
8555m8vlxh,1776,1,blit,blit,240,HF,NA
8555m8vlxh,2263,1,noobda,noobda,105,LF,NA
8555m8vlxh,1655,1,pim,pim,150,LF,NA
8555m8vlxh,2018,1,gorm,gorm,285,LF,NA
8555m8vlxh,2118,1,clate,clate,15,HF,NA
86qnle61oj,8632,1,grah,grah,285,LF,NA
86qnle61oj,2390,1,noom,noom,240,HF,NA
86qnle61oj,2513,1,gorm,gorm,15,HF,NA
86qnle61oj,2146,1,pim,pim,150,LF,NA
86qnle61oj,2934,1,noobda,noobda,105,LF,NA
86qnle61oj,2877,1,clate,clate,195,HF,NA
86qnle61oj,2842,1,gled,gled,60,HF,NA
86qnle61oj,3992,1,blit,blit,330,LF,NA
8oyvp1rl41,2332,1,gled,gled,240,HF,NA
8oyvp1rl41,2681,1,noom,noom,60,HF,NA
8oyvp1rl41,3703,1,clate,clate,15,HF,NA
8oyvp1rl41,1979,1,blit,blit,105,LF,NA
8oyvp1rl41,4286,1,pim,pim,285,LF,NA
8oyvp1rl41,3341,1,noobda,noobda,150,LF,NA
8oyvp1rl41,2961,1,gorm,gorm,330,LF,NA
8oyvp1rl41,3894,1,grah,grah,195,HF,NA
8s0qoles64,4563,1,gled,gled,15,HF,NA
8s0qoles64,3299,1,pim,pim,330,LF,NA
8s0qoles64,6477,0,gorn,gorm,60,HF,NA
8s0qoles64,2734,1,grah,grah,105,LF,NA
8s0qoles64,4090,1,noobda,noobda,240,HF,NA
8s0qoles64,2792,1,clate,clate,195,HF,NA
8s0qoles64,3237,1,noom,noom,285,LF,NA
8s0qoles64,5879,1,blit,blit,150,LF,NA
8z25ff05po,13004,1,grah,grah,285,LF,NA
8z25ff05po,9649,1,pim,pim,150,LF,NA
8z25ff05po,6948,1,gled,gled,240,HF,NA
8z25ff05po,3839,1,clate,clate,105,LF,NA
8z25ff05po,4753,1,blit,blit,195,HF,NA
8z25ff05po,6985,1,gorm,gorm,15,HF,NA
8z25ff05po,5374,1,noom,noom,60,HF,NA
8z25ff05po,10406,1,noobda,noobda,330,LF,NA
9dd5exmhez,2007,1,gled,gled,150,LF,NA
9dd5exmhez,1502,1,blit,blit,15,HF,NA
9dd5exmhez,1766,1,grah,grah,330,LF,NA
9dd5exmhez,2113,1,noobda,noobda,60,HF,NA
9dd5exmhez,2268,1,clate,clate,285,LF,NA
9dd5exmhez,2058,1,noom,noom,105,LF,NA
9dd5exmhez,1643,1,pim,pim,240,HF,NA
9dd5exmhez,1589,0,grom,gorm,195,HF,NA
9nn14a9lha,3732,1,clate,clate,195,HF,NA
9nn14a9lha,2795,1,blit,blit,240,HF,NA
9nn14a9lha,3026,1,noom,noom,285,LF,NA
9nn14a9lha,2365,1,pim,pim,60,HF,NA
9nn14a9lha,3413,1,noobda,noobda,150,LF,NA
9nn14a9lha,2271,1,gled,gled,105,LF,NA
9nn14a9lha,2598,1,gorm,gorm,330,LF,NA
9nn14a9lha,3066,1,grah,grah,15,HF,NA
9ok6dl2vqc,10777,1,noom,noom,105,LF,NA
9ok6dl2vqc,4384,1,gorm,gorm,195,HF,NA
9ok6dl2vqc,1946,1,gled,gled,15,HF,NA
9ok6dl2vqc,2044,1,clate,clate,150,LF,NA
9ok6dl2vqc,9000,1,blit,blit,60,HF,NA
9ok6dl2vqc,2147,1,noobda,noobda,240,HF,NA
9ok6dl2vqc,2299,1,pim,pim,285,LF,NA
9ok6dl2vqc,11315,1,grah,grah,330,LF,NA
9rhfcz0jn2,13547,1,clate,clate,330,LF,NA
9rhfcz0jn2,5273,1,noom,noom,285,LF,NA
9rhfcz0jn2,5446,1,pim,pim,195,HF,NA
9rhfcz0jn2,6504,1,grah,grah,60,HF,NA
9rhfcz0jn2,2823,1,gled,gled,15,HF,NA
9rhfcz0jn2,3814,1,noobda,noobda,150,LF,NA
9rhfcz0jn2,6657,1,blit,blit,240,HF,NA
9rhfcz0jn2,3306,1,gorm,gorm,105,LF,NA
9s1r1pogwn,2751,1,blit,blit,195,HF,NA
9s1r1pogwn,3742,1,noobda,noobda,60,HF,NA
9s1r1pogwn,2318,1,pim,pim,150,LF,NA
9s1r1pogwn,2446,1,clate,clate,285,LF,NA
9s1r1pogwn,4381,1,grah,grah,330,LF,NA
9s1r1pogwn,2815,1,gled,gled,15,HF,NA
9s1r1pogwn,2589,1,noom,noom,105,LF,NA
9s1r1pogwn,2607,1,gorm,gorm,240,HF,NA
9svt5softs,4537,1,clate,clate,105,LF,NA
9svt5softs,3119,1,pim,pim,150,LF,NA
9svt5softs,3004,1,blit,blit,60,HF,NA
9svt5softs,3326,0,noobda,gled,330,LF,NA
9svt5softs,2659,1,gorm,gorm,15,HF,NA
9svt5softs,3061,1,noobda,noobda,285,LF,NA
9svt5softs,2538,1,grah,grah,240,HF,NA
9svt5softs,2566,1,noom,noom,195,HF,NA
a7tvoky9qv,3012,1,noom,noom,285,LF,NA
a7tvoky9qv,2664,1,pim,pim,240,HF,NA
a7tvoky9qv,2736,1,grah,grah,60,HF,NA
a7tvoky9qv,2032,1,noobda,noobda,195,HF,NA
a7tvoky9qv,1931,1,clate,clate,150,LF,NA
a7tvoky9qv,1615,1,gorm,gorm,330,LF,NA
a7tvoky9qv,1319,1,gled,gled,15,HF,NA
a7tvoky9qv,1379,1,blit,blit,105,LF,NA
aj2gh1yrgk,6685,1,noom,noom,240,HF,NA
aj2gh1yrgk,10579,1,blit,blit,15,HF,NA
aj2gh1yrgk,9234,1,gorm,gorm,330,LF,NA
aj2gh1yrgk,4933,1,pim,pim,285,LF,NA
aj2gh1yrgk,6711,1,gled,gled,105,LF,NA
aj2gh1yrgk,3868,0,blit,clate,60,HF,NA
aj2gh1yrgk,6323,0,doonga,grah,195,HF,NA
aj2gh1yrgk,11863,0,grah,noobda,150,LF,NA
bfwyrbfepl,6362,0,gorm,gled,330,LF,NA
bfwyrbfepl,9716,1,gorm,gorm,285,LF,NA
bfwyrbfepl,5079,1,blit,blit,105,LF,NA
bfwyrbfepl,31443,1,pim,pim,195,HF,NA
bfwyrbfepl,12266,1,noom,noom,150,LF,NA
bfwyrbfepl,7931,1,grah,grah,15,HF,NA
bfwyrbfepl,10234,1,noobda,noobda,240,HF,NA
bfwyrbfepl,3484,1,clate,clate,60,HF,NA
bgpuop4hxp,3766,1,noom,noom,285,LF,NA
bgpuop4hxp,2862,1,gled,gled,240,HF,NA
bgpuop4hxp,5294,1,gorm,gorm,330,LF,NA
bgpuop4hxp,2775,1,pim,pim,195,HF,NA
bgpuop4hxp,2950,1,grah,grah,60,HF,NA
bgpuop4hxp,4372,1,noobda,noobda,105,LF,NA
bgpuop4hxp,3151,1,clate,clate,150,LF,NA
bgpuop4hxp,3477,1,blit,blit,15,HF,NA
bhanjyuauz,8412,0,noobda,clate,60,HF,NA
bhanjyuauz,4803,1,noom,noom,150,LF,NA
bhanjyuauz,5686,1,gled,gled,240,HF,NA
bhanjyuauz,3795,1,blit,blit,105,LF,NA
bhanjyuauz,11123,1,noobda,noobda,15,HF,NA
bhanjyuauz,6150,1,pim,pim,195,HF,NA
bhanjyuauz,4469,1,grah,grah,285,LF,NA
bhanjyuauz,2719,0,grom,gorm,330,LF,NA
bq51clktf9,5072,1,noobda,noobda,60,HF,NA
bq51clktf9,3659,1,clate,clate,105,LF,NA
bq51clktf9,3087,1,gled,gled,195,HF,NA
bq51clktf9,2331,1,pim,pim,285,LF,NA
bq51clktf9,2615,1,noom,noom,330,LF,NA
bq51clktf9,3531,0,glom,gorm,15,HF,NA
bq51clktf9,3317,1,blit,blit,150,LF,NA
bq51clktf9,2862,1,grah,grah,240,HF,NA
bu0flsj7ol,3540,1,clate,clate,195,HF,NA
bu0flsj7ol,2188,1,gled,gled,105,LF,NA
bu0flsj7ol,2068,1,pim,pim,240,HF,NA
bu0flsj7ol,1931,1,noom,noom,285,LF,NA
bu0flsj7ol,2188,1,blit,blit,15,HF,NA
bu0flsj7ol,3385,1,noobda,noobda,150,LF,NA
bu0flsj7ol,3044,1,gorm,gorm,330,LF,NA
bu0flsj7ol,2864,1,grah,grah,60,HF,NA
bv0n7ya9hp,7018,1,blit,blit,285,LF,NA
bv0n7ya9hp,1429,1,grah,grah,330,LF,NA
bv0n7ya9hp,2811,1,noobda,noobda,150,LF,NA
bv0n7ya9hp,3866,1,gled,gled,240,HF,NA
bv0n7ya9hp,2998,1,clate,clate,15,HF,NA
bv0n7ya9hp,1482,1,noom,noom,60,HF,NA
bv0n7ya9hp,2304,1,pim,pim,105,LF,NA
bv0n7ya9hp,2831,1,gorm,gorm,195,HF,NA
bytgb9k7ey,26248,1,gled,gled,60,HF,NA
bytgb9k7ey,4708,1,clate,clate,330,LF,NA
bytgb9k7ey,16523,1,blit,blit,285,LF,NA
bytgb9k7ey,7622,1,grah,grah,240,HF,NA
bytgb9k7ey,12445,1,noobda,noobda,15,HF,NA
bytgb9k7ey,7228,1,pim,pim,150,LF,NA
bytgb9k7ey,6400,1,noom,noom,105,LF,NA
bytgb9k7ey,8207,1,gorm,gorm,195,HF,NA
c38zxkub3s,3842,1,gled,gled,105,LF,NA
c38zxkub3s,3212,1,noobda,noobda,150,LF,NA
c38zxkub3s,3754,1,clate,clate,195,HF,NA
c38zxkub3s,3809,1,grah,grah,330,LF,NA
c38zxkub3s,3031,1,gorm,gorm,240,HF,NA
c38zxkub3s,2698,1,blit,blit,60,HF,NA
c38zxkub3s,1385,1,pim,pim,15,HF,NA
c38zxkub3s,3007,1,noom,noom,285,LF,NA
cbl0bwrm4s,6185,1,gled,gled,105,LF,NA
cbl0bwrm4s,5598,1,blit,blit,150,LF,NA
cbl0bwrm4s,2369,1,pim,pim,330,LF,NA
cbl0bwrm4s,2847,1,noobda,noobda,240,HF,NA
cbl0bwrm4s,6657,1,grah,grah,15,HF,NA
cbl0bwrm4s,2548,1,noom,noom,285,LF,NA
cbl0bwrm4s,2364,1,clate,clate,195,HF,NA
cbl0bwrm4s,4700,1,gorm,gorm,60,HF,NA
ce4ogo9mfc,2973,1,gled,gled,150,LF,NA
ce4ogo9mfc,3289,1,noobda,noobda,195,HF,NA
ce4ogo9mfc,2326,1,grah,grah,15,HF,NA
ce4ogo9mfc,4236,1,noom,noom,330,LF,NA
ce4ogo9mfc,2110,1,pim,pim,285,LF,NA
ce4ogo9mfc,2445,1,clate,clate,60,HF,NA
ce4ogo9mfc,2841,1,blit,blit,240,HF,NA
ce4ogo9mfc,2761,1,gorm,gorm,105,LF,NA
cpzg4y5hf2,3994,1,pim,pim,330,LF,NA
cpzg4y5hf2,3112,1,gled,gled,15,HF,NA
cpzg4y5hf2,2109,1,blit,blit,240,HF,NA
cpzg4y5hf2,3268,1,grah,grah,195,HF,NA
cpzg4y5hf2,1858,1,noom,noom,60,HF,NA
cpzg4y5hf2,1885,1,clate,clate,150,LF,NA
cpzg4y5hf2,2510,1,gorm,gorm,105,LF,NA
cpzg4y5hf2,2782,1,noobda,noobda,285,LF,NA
cyg0pbw2j6,2970,1,pim,pim,195,HF,NA
cyg0pbw2j6,2862,1,noom,noom,150,LF,NA
cyg0pbw2j6,3115,1,gorm,gorm,285,LF,NA
cyg0pbw2j6,2550,1,clate,clate,15,HF,NA
cyg0pbw2j6,2453,1,grah,grah,105,LF,NA
cyg0pbw2j6,3832,1,noobda,noobda,240,HF,NA
cyg0pbw2j6,2911,1,gled,gled,330,LF,NA
cyg0pbw2j6,2260,1,blit,blit,60,HF,NA
d8fbvwalxr,3748,1,noobda,noobda,285,LF,NA
d8fbvwalxr,1657,1,pim,pim,60,HF,NA
d8fbvwalxr,3480,1,blit,blit,240,HF,NA
d8fbvwalxr,2429,1,gled,gled,195,HF,NA
d8fbvwalxr,2859,1,gorm,gorm,330,LF,NA
d8fbvwalxr,2339,1,noom,noom,15,HF,NA
d8fbvwalxr,2003,1,clate,clate,105,LF,NA
d8fbvwalxr,2319,1,grah,grah,150,LF,NA
ds4hmyce0c,3422,1,noom,noom,330,LF,NA
ds4hmyce0c,2296,1,gled,gled,285,LF,NA
ds4hmyce0c,3179,1,gorm,gorm,150,LF,NA
ds4hmyce0c,2199,1,clate,clate,105,LF,NA
ds4hmyce0c,4542,1,blit,blit,240,HF,NA
ds4hmyce0c,3716,1,noobda,noobda,195,HF,NA
ds4hmyce0c,2602,1,grah,grah,15,HF,NA
ds4hmyce0c,2409,1,pim,pim,60,HF,NA
ewyzhl5t0z,4098,1,pim,pim,285,LF,NA
ewyzhl5t0z,2964,1,clate,clate,60,HF,NA
ewyzhl5t0z,3302,1,gled,gled,195,HF,NA
ewyzhl5t0z,2640,1,blit,blit,240,HF,NA
ewyzhl5t0z,4768,1,noobda,noobda,15,HF,NA
ewyzhl5t0z,3411,1,gorm,gorm,330,LF,NA
ewyzhl5t0z,3394,1,grah,grah,150,LF,NA
ewyzhl5t0z,2986,1,noom,noom,105,LF,NA
f0no4oe2gw,8854,1,gled,gled,195,HF,NA
f0no4oe2gw,2980,1,grah,grah,60,HF,NA
f0no4oe2gw,5321,1,noom,noom,330,LF,NA
f0no4oe2gw,2173,1,pim,pim,285,LF,NA
f0no4oe2gw,4113,1,gorm,gorm,105,LF,NA
f0no4oe2gw,3457,1,blit,blit,15,HF,NA
f0no4oe2gw,3913,1,noobda,noobda,240,HF,NA
f0no4oe2gw,10773,1,clate,clate,150,LF,NA
f0waok7lrr,8530,1,grah,grah,240,HF,NA
f0waok7lrr,4905,1,gled,gled,60,HF,NA
f0waok7lrr,3729,1,clate,clate,105,LF,NA
f0waok7lrr,4009,0,gorm,pim,285,LF,NA
f0waok7lrr,4882,0,noom,noobda,150,LF,NA
f0waok7lrr,6536,1,gorm,gorm,330,LF,NA
f0waok7lrr,3128,1,blit,blit,15,HF,NA
f0waok7lrr,4690,0,noobda,noom,195,HF,NA
f97nt6uxrp,2821,1,pim,pim,285,LF,NA
f97nt6uxrp,2911,0,clathe,clate,60,HF,NA
f97nt6uxrp,1888,1,gorm,gorm,105,LF,NA
f97nt6uxrp,1718,0,pim,grah,330,LF,NA
f97nt6uxrp,1709,1,noom,noom,195,HF,NA
f97nt6uxrp,1758,1,noobda,noobda,240,HF,NA
f97nt6uxrp,4700,1,blit,blit,15,HF,NA
f97nt6uxrp,3262,0,gorm,gled,150,LF,NA
fc0nf7pdyf,4518,1,gorm,gorm,150,LF,NA
fc0nf7pdyf,4019,1,pim,pim,330,LF,NA
fc0nf7pdyf,2102,1,noom,noom,285,LF,NA
fc0nf7pdyf,3716,1,blit,blit,240,HF,NA
fc0nf7pdyf,2290,1,gled,gled,15,HF,NA
fc0nf7pdyf,2126,1,grah,grah,105,LF,NA
fc0nf7pdyf,2838,1,clate,clate,195,HF,NA
fc0nf7pdyf,5475,1,noobda,noobda,60,HF,NA
flpeylj5f3,5002,1,pim,pim,195,HF,NA
flpeylj5f3,3993,0,noom,grah,285,LF,NA
flpeylj5f3,5181,0,gled,blit,60,HF,NA
flpeylj5f3,1987,1,noobda,noobda,15,HF,NA
flpeylj5f3,4790,0,grah,gorm,330,LF,NA
flpeylj5f3,3547,1,gled,gled,105,LF,NA
flpeylj5f3,2241,1,clate,clate,150,LF,NA
flpeylj5f3,3557,1,noom,noom,240,HF,NA
frwjgr8fzf,4023,1,blit,blit,285,LF,NA
frwjgr8fzf,8944,1,gled,gled,195,HF,NA
frwjgr8fzf,24103,0,grah,pim,150,LF,NA
frwjgr8fzf,9969,0,clate,gorm,60,HF,NA
frwjgr8fzf,6188,1,grah,grah,105,LF,NA
frwjgr8fzf,6824,1,noom,noom,330,LF,NA
frwjgr8fzf,2580,1,clate,clate,15,HF,NA
frwjgr8fzf,2768,0,nooobda,noobda,240,HF,NA
fvehxn7tes,3293,1,clate,clate,15,HF,NA
fvehxn7tes,5698,1,grah,grah,105,LF,NA
fvehxn7tes,7265,1,gorm,gorm,330,LF,NA
fvehxn7tes,2664,1,gled,gled,150,LF,NA
fvehxn7tes,4515,1,pim,pim,60,HF,NA
fvehxn7tes,2981,1,noom,noom,285,LF,NA
fvehxn7tes,3380,1,blit,blit,240,HF,NA
fvehxn7tes,2715,1,noobda,noobda,195,HF,NA
ge07ka806h,2295,1,noom,noom,330,LF,NA
ge07ka806h,2173,1,pim,pim,15,HF,NA
ge07ka806h,2176,1,grah,grah,240,HF,NA
ge07ka806h,3005,1,gorm,gorm,60,HF,NA
ge07ka806h,2485,1,clate,clate,150,LF,NA
ge07ka806h,1860,1,blit,blit,105,LF,NA
ge07ka806h,2233,1,gled,gled,285,LF,NA
ge07ka806h,3642,1,noobda,noobda,195,HF,NA
ge37m48x8f,3657,1,noom,noom,330,LF,NA
ge37m48x8f,2456,1,pim,pim,240,HF,NA
ge37m48x8f,2454,1,clate,clate,60,HF,NA
ge37m48x8f,3889,1,gorm,gorm,105,LF,NA
ge37m48x8f,2147,1,gled,gled,15,HF,NA
ge37m48x8f,2481,1,blit,blit,150,LF,NA
ge37m48x8f,3853,1,noobda,noobda,285,LF,NA
ge37m48x8f,4898,1,grah,grah,195,HF,NA
get5u44jv4,2345,1,gled,gled,15,HF,NA
get5u44jv4,2806,1,blit,blit,195,HF,NA
get5u44jv4,1782,1,clate,clate,240,HF,NA
get5u44jv4,2614,1,noobda,noobda,150,LF,NA
get5u44jv4,1806,1,noom,noom,60,HF,NA
get5u44jv4,2614,1,gorm,gorm,285,LF,NA
get5u44jv4,2047,1,grah,grah,105,LF,NA
get5u44jv4,1598,1,pim,pim,330,LF,NA
gez6j44yhr,4388,0,noombda,noobda,330,LF,NA
gez6j44yhr,3695,0,gleh,gled,60,HF,NA
gez6j44yhr,2494,0,blit,pim,195,HF,NA
gez6j44yhr,4279,1,gorm,gorm,285,LF,NA
gez6j44yhr,4391,1,noom,noom,240,HF,NA
gez6j44yhr,1943,1,clate,clate,105,LF,NA
gez6j44yhr,2398,1,blit,blit,150,LF,NA
gez6j44yhr,7511,0,glib,grah,15,HF,NA
gmsh8c65ef,2788,1,noobda,noobda,60,HF,NA
gmsh8c65ef,1749,1,gled,gled,150,LF,NA
gmsh8c65ef,2301,1,gorm,gorm,285,LF,NA
gmsh8c65ef,1556,1,grah,grah,195,HF,NA
gmsh8c65ef,1501,1,blit,blit,330,LF,NA
gmsh8c65ef,1301,1,pim,pim,15,HF,NA
gmsh8c65ef,1204,1,clate,clate,240,HF,NA
gmsh8c65ef,1341,1,noom,noom,105,LF,NA
grof4qlg0t,2893,1,blit,blit,195,HF,NA
grof4qlg0t,2836,1,gorm,gorm,240,HF,NA
grof4qlg0t,2311,1,noom,noom,150,LF,NA
grof4qlg0t,2746,1,pim,pim,330,LF,NA
grof4qlg0t,2077,1,grah,grah,285,LF,NA
grof4qlg0t,2397,1,noobda,noobda,15,HF,NA
grof4qlg0t,11188,1,gled,gled,105,LF,NA
grof4qlg0t,2140,1,clate,clate,60,HF,NA
grq52nyg0m,3386,0,glim,grah,285,LF,NA
grq52nyg0m,2694,1,clate,clate,60,HF,NA
grq52nyg0m,1850,1,pim,pim,15,HF,NA
grq52nyg0m,4018,0,blit,noom,150,LF,NA
grq52nyg0m,1427,1,gorm,gorm,240,HF,NA
grq52nyg0m,1553,1,blit,blit,105,LF,NA
grq52nyg0m,2496,0,noom,noobda,195,HF,NA
grq52nyg0m,1866,1,gled,gled,330,LF,NA
h8kybt0xv6,3521,1,gorm,gorm,105,LF,NA
h8kybt0xv6,4159,1,gled,gled,285,LF,NA
h8kybt0xv6,2610,1,clate,clate,195,HF,NA
h8kybt0xv6,3055,1,grah,grah,240,HF,NA
h8kybt0xv6,3144,1,noobda,noobda,330,LF,NA
h8kybt0xv6,3082,1,noom,noom,150,LF,NA
h8kybt0xv6,2476,1,blit,blit,60,HF,NA
h8kybt0xv6,2199,1,pim,pim,15,HF,NA
h8svh5vq5z,3168,1,noobda,noobda,240,HF,NA
h8svh5vq5z,2899,1,gorm,gorm,15,HF,NA
h8svh5vq5z,3256,1,grah,grah,150,LF,NA
h8svh5vq5z,2157,1,blit,blit,330,LF,NA
h8svh5vq5z,2097,1,clate,clate,195,HF,NA
h8svh5vq5z,2461,0,glem,gled,60,HF,NA
h8svh5vq5z,2992,1,pim,pim,105,LF,NA
h8svh5vq5z,1926,1,noom,noom,285,LF,NA
hsauve8g8v,5609,0,grah,clate,150,LF,NA
hsauve8g8v,3932,1,pim,pim,105,LF,NA
hsauve8g8v,3916,1,noom,noom,15,HF,NA
hsauve8g8v,3702,1,noobda,noobda,60,HF,NA
hsauve8g8v,3770,1,gled,gled,240,HF,NA
hsauve8g8v,6021,1,grah,grah,195,HF,NA
hsauve8g8v,4696,1,blit,blit,330,LF,NA
hsauve8g8v,3466,1,gorm,gorm,285,LF,NA
hxgs0eldpl,6813,1,noom,noom,285,LF,NA
hxgs0eldpl,4891,1,grah,grah,330,LF,NA
hxgs0eldpl,3350,1,gorm,gorm,240,HF,NA
hxgs0eldpl,5478,1,noobda,noobda,60,HF,NA
hxgs0eldpl,3390,1,clate,clate,195,HF,NA
hxgs0eldpl,2102,0,NA,gled,15,HF,NA
hxgs0eldpl,8054,1,blit,blit,105,LF,NA
hxgs0eldpl,4906,1,pim,pim,150,LF,NA
j8lb57c00t,5760,1,gled,gled,150,LF,NA
j8lb57c00t,4212,1,blit,blit,240,HF,NA
j8lb57c00t,3843,1,noobda,noobda,195,HF,NA
j8lb57c00t,3940,1,pim,pim,60,HF,NA
j8lb57c00t,3689,1,grah,grah,285,LF,NA
j8lb57c00t,3792,1,gorm,gorm,105,LF,NA
j8lb57c00t,5558,1,noom,noom,330,LF,NA
j8lb57c00t,3639,1,clate,clate,15,HF,NA
j9ok9znyv8,4493,1,grah,grah,15,HF,NA
j9ok9znyv8,4894,1,noom,noom,60,HF,NA
j9ok9znyv8,4598,1,gorm,gorm,240,HF,NA
j9ok9znyv8,4358,1,pim,pim,330,LF,NA
j9ok9znyv8,4295,1,noobda,noobda,105,LF,NA
j9ok9znyv8,3975,1,gled,gled,285,LF,NA
j9ok9znyv8,3047,1,blit,blit,150,LF,NA
j9ok9znyv8,3967,1,clate,clate,195,HF,NA
jkw8ed3mfb,6361,1,gorm,gorm,330,LF,NA
jkw8ed3mfb,3719,1,noom,noom,285,LF,NA
jkw8ed3mfb,2591,0,bilt,blit,195,HF,NA
jkw8ed3mfb,2857,1,clate,clate,105,LF,NA
jkw8ed3mfb,4031,1,noobda,noobda,240,HF,NA
jkw8ed3mfb,2407,1,pim,pim,15,HF,NA
jkw8ed3mfb,2776,1,gled,gled,60,HF,NA
jkw8ed3mfb,2974,1,grah,grah,150,LF,NA
k0xtw48016,5071,1,noom,noom,60,HF,NA
k0xtw48016,2062,1,pim,pim,285,LF,NA
k0xtw48016,3448,1,clate,clate,105,LF,NA
k0xtw48016,2384,1,gorm,gorm,15,HF,NA
k0xtw48016,3604,1,noobda,noobda,330,LF,NA
k0xtw48016,1778,1,grah,grah,240,HF,NA
k0xtw48016,1947,1,blit,blit,195,HF,NA
k0xtw48016,2250,1,gled,gled,150,LF,NA
k6345c329z,3211,1,pim,pim,150,LF,NA
k6345c329z,4392,1,noobda,noobda,240,HF,NA
k6345c329z,3989,1,clate,clate,105,LF,NA
k6345c329z,6372,1,noom,noom,330,LF,NA
k6345c329z,2934,1,blit,blit,60,HF,NA
k6345c329z,2967,1,gorm,gorm,15,HF,NA
k6345c329z,3112,1,gled,gled,195,HF,NA
k6345c329z,3566,1,grah,grah,285,LF,NA
kc9o1bqmtd,3264,0,gle,blit,60,HF,NA
kc9o1bqmtd,3719,1,pim,pim,105,LF,NA
kc9o1bqmtd,5545,0,grom,gled,15,HF,NA
kc9o1bqmtd,8105,0,g,clate,150,LF,NA
kc9o1bqmtd,5479,1,noobda,noobda,240,HF,NA
kc9o1bqmtd,3462,1,grah,grah,195,HF,NA
kc9o1bqmtd,6522,0,grom,gorm,330,LF,NA
kc9o1bqmtd,2788,1,noom,noom,285,LF,NA
kh2o72rttk,2414,1,noom,noom,240,HF,NA
kh2o72rttk,3014,1,blit,blit,150,LF,NA
kh2o72rttk,1887,1,gled,gled,195,HF,NA
kh2o72rttk,2278,1,grah,grah,285,LF,NA
kh2o72rttk,1839,1,pim,pim,60,HF,NA
kh2o72rttk,2519,1,gorm,gorm,15,HF,NA
kh2o72rttk,3295,1,clate,clate,330,LF,NA
kh2o72rttk,2446,0,boodba,noobda,105,LF,NA
kubgpvtae9,14317,0,prim,pim,150,LF,NA
kubgpvtae9,6020,1,grah,grah,15,HF,NA
kubgpvtae9,2959,1,noom,noom,285,LF,NA
kubgpvtae9,3858,1,noobda,noobda,60,HF,NA
kubgpvtae9,5434,0,bit,blit,195,HF,NA
kubgpvtae9,6692,0,gle,gled,105,LF,NA
kubgpvtae9,9151,0,grom,gorm,330,LF,NA
kubgpvtae9,10114,1,clate,clate,240,HF,NA
l2owuc00ht,6742,1,gorm,gorm,60,HF,NA
l2owuc00ht,5548,1,noom,noom,150,LF,NA
l2owuc00ht,5737,1,gled,gled,15,HF,NA
l2owuc00ht,5447,1,clate,clate,195,HF,NA
l2owuc00ht,8304,1,blit,blit,330,LF,NA
l2owuc00ht,3662,1,pim,pim,285,LF,NA
l2owuc00ht,698,0,NA,grah,240,HF,NA
l2owuc00ht,9388,1,noobda,noobda,105,LF,NA
l8dgboszuf,5561,1,clate,clate,195,HF,NA
l8dgboszuf,5128,1,blit,blit,285,LF,NA
l8dgboszuf,23595,1,pim,pim,15,HF,NA
l8dgboszuf,3537,1,noom,noom,105,LF,NA
l8dgboszuf,2917,1,gled,gled,150,LF,NA
l8dgboszuf,4827,1,grah,grah,60,HF,NA
l8dgboszuf,2857,1,gorm,gorm,240,HF,NA
l8dgboszuf,4166,1,noobda,noobda,330,LF,NA
lg0e4y4x2p,5239,1,clate,clate,285,LF,NA
lg0e4y4x2p,4073,1,grah,grah,60,HF,NA
lg0e4y4x2p,6723,1,gled,gled,240,HF,NA
lg0e4y4x2p,3999,1,noom,noom,105,LF,NA
lg0e4y4x2p,4395,1,noobda,noobda,195,HF,NA
lg0e4y4x2p,3426,1,blit,blit,15,HF,NA
lg0e4y4x2p,3630,1,pim,pim,150,LF,NA
lg0e4y4x2p,3639,1,gorm,gorm,330,LF,NA
lut80uamlw,3752,1,pim,pim,285,LF,NA
lut80uamlw,8073,1,gled,gled,60,HF,NA
lut80uamlw,3090,1,noom,noom,105,LF,NA
lut80uamlw,4156,1,grah,grah,330,LF,NA
lut80uamlw,4195,1,gorm,gorm,240,HF,NA
lut80uamlw,3575,1,noobda,noobda,15,HF,NA
lut80uamlw,3152,1,clate,clate,195,HF,NA
lut80uamlw,3098,1,blit,blit,150,LF,NA
lw5un5a8bq,2808,1,noom,noom,240,HF,NA
lw5un5a8bq,2189,1,noobda,noobda,195,HF,NA
lw5un5a8bq,1739,1,gled,gled,285,LF,NA
lw5un5a8bq,2604,1,grah,grah,105,LF,NA
lw5un5a8bq,1220,1,blit,blit,150,LF,NA
lw5un5a8bq,2197,1,gorm,gorm,330,LF,NA
lw5un5a8bq,1601,1,clate,clate,60,HF,NA
lw5un5a8bq,1209,1,pim,pim,15,HF,NA
m0hw20twym,6677,1,gorm,gorm,105,LF,NA
m0hw20twym,5809,1,gled,gled,60,HF,NA
m0hw20twym,2890,0,clate,blit,330,LF,NA
m0hw20twym,5170,1,noobda,noobda,150,LF,NA
m0hw20twym,2856,1,noom,noom,285,LF,NA
m0hw20twym,2197,1,clate,clate,15,HF,NA
m0hw20twym,2388,0,pim,grah,195,HF,NA
m0hw20twym,1815,1,pim,pim,240,HF,NA
m7hxohvhpd,4825,1,pim,pim,330,LF,NA
m7hxohvhpd,3231,1,blit,blit,15,HF,NA
m7hxohvhpd,3524,1,grah,grah,60,HF,NA
m7hxohvhpd,4221,1,clate,clate,150,LF,NA
m7hxohvhpd,2983,1,gorm,gorm,195,HF,NA
m7hxohvhpd,4033,1,noom,noom,285,LF,NA
m7hxohvhpd,3501,1,gled,gled,105,LF,NA
m7hxohvhpd,3911,1,noobda,noobda,240,HF,NA
mb4dkxtuzz,7241,1,gorm,gorm,240,HF,NA
mb4dkxtuzz,5965,1,pim,pim,285,LF,NA
mb4dkxtuzz,11636,1,noobda,noobda,195,HF,NA
mb4dkxtuzz,3007,1,blit,blit,60,HF,NA
mb4dkxtuzz,4249,1,gled,gled,105,LF,NA
mb4dkxtuzz,4582,1,noom,noom,330,LF,NA
mb4dkxtuzz,3534,1,grah,grah,15,HF,NA
mb4dkxtuzz,3210,1,clate,clate,150,LF,NA
md4nd5vy4r,2066,1,noom,noom,240,HF,NA
md4nd5vy4r,4547,1,blit,blit,15,HF,NA
md4nd5vy4r,2539,1,gorm,gorm,195,HF,NA
md4nd5vy4r,3747,1,noobda,noobda,330,LF,NA
md4nd5vy4r,1837,1,clate,clate,60,HF,NA
md4nd5vy4r,2421,1,grah,grah,105,LF,NA
md4nd5vy4r,1724,1,pim,pim,150,LF,NA
md4nd5vy4r,1463,1,gled,gled,285,LF,NA
mftfh25yjq,4267,1,noobda,noobda,285,LF,NA
mftfh25yjq,4084,1,gled,gled,150,LF,NA
mftfh25yjq,3490,1,pim,pim,195,HF,NA
mftfh25yjq,3965,1,noom,noom,60,HF,NA
mftfh25yjq,6206,1,blit,blit,240,HF,NA
mftfh25yjq,3230,1,grah,grah,15,HF,NA
mftfh25yjq,4343,1,gorm,gorm,330,LF,NA
mftfh25yjq,3804,1,clate,clate,105,LF,NA
mw1d0eppzd,2496,1,noom,noom,15,HF,NA
mw1d0eppzd,2034,1,gorm,gorm,240,HF,NA
mw1d0eppzd,3360,1,gled,gled,330,LF,NA
mw1d0eppzd,2889,1,clate,clate,285,LF,NA
mw1d0eppzd,2054,1,pim,pim,195,HF,NA
mw1d0eppzd,1930,1,noobda,noobda,105,LF,NA
mw1d0eppzd,1835,1,grah,grah,150,LF,NA
mw1d0eppzd,2158,1,blit,blit,60,HF,NA
n5h453lnx1,3632,1,gled,gled,240,HF,NA
n5h453lnx1,4896,1,blit,blit,60,HF,NA
n5h453lnx1,3320,1,pim,pim,330,LF,NA
n5h453lnx1,5622,1,noobda,noobda,15,HF,NA
n5h453lnx1,3623,1,grah,grah,195,HF,NA
n5h453lnx1,4062,1,gorm,gorm,285,LF,NA
n5h453lnx1,6594,1,clate,clate,150,LF,NA
n5h453lnx1,3828,1,noom,noom,105,LF,NA
nbw33ssk2y,5457,1,gorm,gorm,105,LF,NA
nbw33ssk2y,3212,1,pim,pim,60,HF,NA
nbw33ssk2y,3550,1,noom,noom,330,LF,NA
nbw33ssk2y,3523,1,gled,gled,15,HF,NA
nbw33ssk2y,3713,1,noobda,noobda,195,HF,NA
nbw33ssk2y,2902,1,clate,clate,240,HF,NA
nbw33ssk2y,2883,1,blit,blit,150,LF,NA
nbw33ssk2y,7293,1,grah,grah,285,LF,NA
npxza50yle,2937,0,noom,gled,330,LF,NA
npxza50yle,3513,1,gorm,gorm,105,LF,NA
npxza50yle,4058,0,pim,grah,240,HF,NA
npxza50yle,3137,1,clate,clate,15,HF,NA
npxza50yle,2667,1,noobda,noobda,60,HF,NA
npxza50yle,4820,0,grah,blit,195,HF,NA
npxza50yle,3661,1,noom,noom,150,LF,NA
npxza50yle,4036,0,gled,pim,285,LF,NA
ntpbvmmezk,4971,1,noobda,noobda,240,HF,NA
ntpbvmmezk,6703,1,blit,blit,15,HF,NA
ntpbvmmezk,2501,1,pim,pim,105,LF,NA
ntpbvmmezk,6179,1,grah,grah,195,HF,NA
ntpbvmmezk,5498,1,noom,noom,60,HF,NA
ntpbvmmezk,4354,1,gorm,gorm,285,LF,NA
ntpbvmmezk,24172,1,gled,gled,330,LF,NA
ntpbvmmezk,5701,1,clate,clate,150,LF,NA
nyr0l1xwy9,5646,0,clate,gorm,150,LF,NA
nyr0l1xwy9,4909,1,gled,gled,60,HF,NA
nyr0l1xwy9,3991,1,pim,pim,15,HF,NA
nyr0l1xwy9,9213,0,gorm,clate,105,LF,NA
nyr0l1xwy9,4057,1,blit,blit,195,HF,NA
nyr0l1xwy9,8051,0,grah,noom,285,LF,NA
nyr0l1xwy9,3577,0,noom,grah,330,LF,NA
nyr0l1xwy9,4545,1,noobda,noobda,240,HF,NA
o1wzdyp4t0,4416,0,clate,noom,330,LF,NA
o1wzdyp4t0,5655,1,pim,pim,60,HF,NA
o1wzdyp4t0,3132,1,grah,grah,105,LF,NA
o1wzdyp4t0,3974,1,clate,clate,285,LF,NA
o1wzdyp4t0,5357,1,noobda,noobda,195,HF,NA
o1wzdyp4t0,2894,1,gled,gled,15,HF,NA
o1wzdyp4t0,10612,1,blit,blit,150,LF,NA
o1wzdyp4t0,14857,1,gorm,gorm,240,HF,NA
oblg9zgtg1,4114,1,noobda,noobda,285,LF,NA
oblg9zgtg1,2458,1,gled,gled,105,LF,NA
oblg9zgtg1,3624,1,grah,grah,150,LF,NA
oblg9zgtg1,2582,1,gorm,gorm,60,HF,NA
oblg9zgtg1,3579,1,pim,pim,15,HF,NA
oblg9zgtg1,2588,1,clate,clate,195,HF,NA
oblg9zgtg1,3549,1,blit,blit,330,LF,NA
oblg9zgtg1,2531,1,noom,noom,240,HF,NA
off1rjg2v8,2393,1,noom,noom,240,HF,NA
off1rjg2v8,2616,1,gled,gled,60,HF,NA
off1rjg2v8,1884,1,blit,blit,150,LF,NA
off1rjg2v8,1568,0,blit,gorm,105,LF,NA
off1rjg2v8,7513,0,gloobda,noobda,330,LF,NA
off1rjg2v8,3153,0,noom,pim,195,HF,NA
off1rjg2v8,2030,0,gled,grah,15,HF,NA
off1rjg2v8,2399,0,noobda,clate,285,LF,NA
olu44g0ad9,10731,1,grah,grah,60,HF,NA
olu44g0ad9,2434,1,clate,clate,240,HF,NA
olu44g0ad9,3272,1,noobda,noobda,195,HF,NA
olu44g0ad9,4271,1,gorm,gorm,285,LF,NA
olu44g0ad9,4634,1,noom,noom,15,HF,NA
olu44g0ad9,1732,1,pim,pim,105,LF,NA
olu44g0ad9,2268,1,gled,gled,330,LF,NA
olu44g0ad9,1864,1,blit,blit,150,LF,NA
ooqwy0vajl,8906,1,blit,blit,60,HF,NA
ooqwy0vajl,8099,1,grah,grah,330,LF,NA
ooqwy0vajl,3946,1,noobda,noobda,105,LF,NA
ooqwy0vajl,6479,1,noom,noom,285,LF,NA
ooqwy0vajl,5712,1,gled,gled,240,HF,NA
ooqwy0vajl,6731,1,clate,clate,150,LF,NA
ooqwy0vajl,7280,1,gorm,gorm,195,HF,NA
ooqwy0vajl,2452,1,pim,pim,15,HF,NA
oysg6t7s8f,6743,1,pim,pim,285,LF,NA
oysg6t7s8f,9363,1,gorm,gorm,60,HF,NA
oysg6t7s8f,2516,1,noobda,noobda,195,HF,NA
oysg6t7s8f,5595,0,grah,gled,150,LF,NA
oysg6t7s8f,2834,0,gled,grah,15,HF,NA
oysg6t7s8f,3112,1,noom,noom,330,LF,NA
oysg6t7s8f,3047,1,blit,blit,240,HF,NA
oysg6t7s8f,1920,1,clate,clate,105,LF,NA
oz4psv9haz,5099,1,blit,blit,330,LF,NA
oz4psv9haz,2108,1,pim,pim,285,LF,NA
oz4psv9haz,1961,1,noom,noom,15,HF,NA
oz4psv9haz,3378,1,noobda,noobda,240,HF,NA
oz4psv9haz,6657,0,gleb,gled,195,HF,NA
oz4psv9haz,1673,1,clate,clate,105,LF,NA
oz4psv9haz,1920,0,graih,grah,60,HF,NA
oz4psv9haz,3626,1,gorm,gorm,150,LF,NA
phsz5cxuw7,8399,1,pim,pim,330,LF,NA
phsz5cxuw7,17906,1,clate,clate,195,HF,NA
phsz5cxuw7,3050,1,gled,gled,15,HF,NA
phsz5cxuw7,3647,1,blit,blit,105,LF,NA
phsz5cxuw7,6025,1,gorm,gorm,240,HF,NA
phsz5cxuw7,9424,1,grah,grah,60,HF,NA
phsz5cxuw7,4175,1,noobda,noobda,150,LF,NA
phsz5cxuw7,4524,1,noom,noom,285,LF,NA
pmgyvq9u3y,4290,1,blit,blit,285,LF,NA
pmgyvq9u3y,6529,1,gorm,gorm,105,LF,NA
pmgyvq9u3y,6050,1,noom,noom,195,HF,NA
pmgyvq9u3y,2895,0,noom,gled,150,LF,NA
pmgyvq9u3y,3350,1,clate,clate,240,HF,NA
pmgyvq9u3y,3516,1,noobda,noobda,330,LF,NA
pmgyvq9u3y,2547,0,clate,grah,60,HF,NA
pmgyvq9u3y,1445,1,pim,pim,15,HF,NA
ptvuwn0q44,5047,1,noom,noom,60,HF,NA
ptvuwn0q44,1791,1,blit,blit,15,HF,NA
ptvuwn0q44,2000,0,grah,gorm,150,LF,NA
ptvuwn0q44,2975,1,pim,pim,285,LF,NA
ptvuwn0q44,1519,0,crate,clate,240,HF,NA
ptvuwn0q44,3631,0,blit,gled,330,LF,NA
ptvuwn0q44,2975,0,gorm,grah,105,LF,NA
ptvuwn0q44,2231,1,noobda,noobda,195,HF,NA
q6g4duk6to,5719,1,blit,blit,15,HF,NA
q6g4duk6to,3869,1,grah,grah,330,LF,NA
q6g4duk6to,1941,1,clate,clate,105,LF,NA
q6g4duk6to,1885,1,pim,pim,195,HF,NA
q6g4duk6to,3294,1,gorm,gorm,60,HF,NA
q6g4duk6to,2126,1,noobda,noobda,150,LF,NA
q6g4duk6to,2021,1,noom,noom,240,HF,NA
q6g4duk6to,1789,1,gled,gled,285,LF,NA
q90sh42t7o,4917,1,blit,blit,285,LF,NA
q90sh42t7o,5976,1,noobda,noobda,330,LF,NA
q90sh42t7o,3951,1,gorm,gorm,150,LF,NA
q90sh42t7o,3409,1,noom,noom,60,HF,NA
q90sh42t7o,6433,1,clate,clate,15,HF,NA
q90sh42t7o,6919,1,grah,grah,240,HF,NA
q90sh42t7o,3259,1,pim,pim,195,HF,NA
q90sh42t7o,5689,1,gled,gled,105,LF,NA
qgr0vgfr35,2443,1,gled,gled,285,LF,NA
qgr0vgfr35,3067,1,clate,clate,195,HF,NA
qgr0vgfr35,1712,1,pim,pim,150,LF,NA
qgr0vgfr35,1935,1,grah,grah,60,HF,NA
qgr0vgfr35,1565,1,blit,blit,15,HF,NA
qgr0vgfr35,3419,1,gorm,gorm,240,HF,NA
qgr0vgfr35,2069,1,noom,noom,105,LF,NA
qgr0vgfr35,2284,1,noobda,noobda,330,LF,NA
qrcpdm43sr,5439,1,gled,gled,150,LF,NA
qrcpdm43sr,3574,1,gorm,gorm,15,HF,NA
qrcpdm43sr,9375,1,blit,blit,285,LF,NA
qrcpdm43sr,3871,1,grah,grah,60,HF,NA
qrcpdm43sr,4127,1,noobda,noobda,330,LF,NA
qrcpdm43sr,3862,1,noom,noom,195,HF,NA
qrcpdm43sr,3591,1,clate,clate,105,LF,NA
qrcpdm43sr,3871,1,pim,pim,240,HF,NA
qyly8ms9r6,6266,1,noom,noom,285,LF,NA
qyly8ms9r6,8761,1,blit,blit,15,HF,NA
qyly8ms9r6,7005,1,gorm,gorm,60,HF,NA
qyly8ms9r6,5240,1,grah,grah,195,HF,NA
qyly8ms9r6,5249,1,gled,gled,150,LF,NA
qyly8ms9r6,5382,1,clate,clate,240,HF,NA
qyly8ms9r6,8493,1,noobda,noobda,330,LF,NA
qyly8ms9r6,3675,1,pim,pim,105,LF,NA
rk5braqynq,3335,1,noom,noom,195,HF,NA
rk5braqynq,2065,1,clate,clate,240,HF,NA
rk5braqynq,2086,1,grah,grah,60,HF,NA
rk5braqynq,1791,1,noobda,noobda,105,LF,NA
rk5braqynq,1713,1,gorm,gorm,285,LF,NA
rk5braqynq,1616,1,blit,blit,15,HF,NA
rk5braqynq,1685,1,pim,pim,150,LF,NA
rk5braqynq,1219,1,gled,gled,330,LF,NA
rm3afavs1n,6050,1,clate,clate,285,LF,NA
rm3afavs1n,2890,1,noom,noom,330,LF,NA
rm3afavs1n,2712,1,gled,gled,240,HF,NA
rm3afavs1n,3436,1,noobda,noobda,195,HF,NA
rm3afavs1n,3095,1,blit,blit,60,HF,NA
rm3afavs1n,2881,1,grah,grah,105,LF,NA
rm3afavs1n,2689,1,gorm,gorm,15,HF,NA
rm3afavs1n,2939,1,pim,pim,150,LF,NA
roqq1j0nv4,4804,1,blit,blit,195,HF,NA
roqq1j0nv4,6839,1,clate,clate,330,LF,NA
roqq1j0nv4,4534,1,grah,grah,60,HF,NA
roqq1j0nv4,4108,1,pim,pim,285,LF,NA
roqq1j0nv4,4384,1,gled,gled,105,LF,NA
roqq1j0nv4,3936,1,gorm,gorm,240,HF,NA
roqq1j0nv4,3136,1,noom,noom,15,HF,NA
roqq1j0nv4,4239,0,gled,noobda,150,LF,NA
rpkh5x8bf6,3543,1,noom,noom,240,HF,NA
rpkh5x8bf6,5503,1,gled,gled,150,LF,NA
rpkh5x8bf6,2518,1,clate,clate,330,LF,NA
rpkh5x8bf6,3247,1,gorm,gorm,285,LF,NA
rpkh5x8bf6,3887,1,grah,grah,15,HF,NA
rpkh5x8bf6,1615,1,pim,pim,105,LF,NA
rpkh5x8bf6,2423,1,noobda,noobda,60,HF,NA
rpkh5x8bf6,2230,1,blit,blit,195,HF,NA
rrleebwj9o,2926,1,noom,noom,105,LF,NA
rrleebwj9o,2134,1,pim,pim,15,HF,NA
rrleebwj9o,5823,1,gorm,gorm,60,HF,NA
rrleebwj9o,9233,0,gled,noobda,330,LF,NA
rrleebwj9o,4042,0,gorm,gled,285,LF,NA
rrleebwj9o,6263,1,blit,blit,150,LF,NA
rrleebwj9o,1843,1,clate,clate,240,HF,NA
rrleebwj9o,3910,1,grah,grah,195,HF,NA
rwhv0k3los,3550,1,blit,blit,330,LF,NA
rwhv0k3los,3272,1,noobda,noobda,285,LF,NA
rwhv0k3los,7782,0,gleh,gled,195,HF,NA
rwhv0k3los,2359,1,grah,grah,15,HF,NA
rwhv0k3los,1855,1,pim,pim,240,HF,NA
rwhv0k3los,5467,1,noom,noom,150,LF,NA
rwhv0k3los,2053,1,gorm,gorm,105,LF,NA
rwhv0k3los,3111,1,clate,clate,60,HF,NA
rwlakvyq7s,3952,1,gorm,gorm,285,LF,NA
rwlakvyq7s,1854,1,gled,gled,240,HF,NA
rwlakvyq7s,4071,1,noobda,noobda,60,HF,NA
rwlakvyq7s,1708,1,pim,pim,15,HF,NA
rwlakvyq7s,2365,0,bilt,blit,150,LF,NA
rwlakvyq7s,1126,1,clate,clate,195,HF,NA
rwlakvyq7s,2655,1,grah,grah,330,LF,NA
rwlakvyq7s,2053,1,noom,noom,105,LF,NA
sgc84aq1sm,6265,1,clate,clate,15,HF,NA
sgc84aq1sm,4661,1,gled,gled,330,LF,NA
sgc84aq1sm,6837,1,gorm,gorm,285,LF,NA
sgc84aq1sm,5166,1,grah,grah,60,HF,NA
sgc84aq1sm,10948,0,nodba,blit,195,HF,NA
sgc84aq1sm,3423,1,pim,pim,150,LF,NA
sgc84aq1sm,4559,1,noom,noom,105,LF,NA
sgc84aq1sm,7764,0,nodba,noobda,240,HF,NA
snhn166p3p,4488,1,clate,clate,285,LF,NA
snhn166p3p,3501,1,blit,blit,15,HF,NA
snhn166p3p,5664,1,gorm,gorm,60,HF,NA
snhn166p3p,6254,1,noom,noom,150,LF,NA
snhn166p3p,4664,1,pim,pim,195,HF,NA
snhn166p3p,8733,1,noobda,noobda,240,HF,NA
snhn166p3p,4535,1,grah,grah,330,LF,NA
snhn166p3p,5791,1,gled,gled,105,LF,NA
sq7084c0uf,2365,1,pim,pim,150,LF,NA
sq7084c0uf,4044,0,grah,blit,240,HF,NA
sq7084c0uf,1957,1,grah,grah,195,HF,NA
sq7084c0uf,2514,0,noomba,gorm,330,LF,NA
sq7084c0uf,2332,0,geld,gled,15,HF,NA
sq7084c0uf,1924,1,noom,noom,60,HF,NA
sq7084c0uf,3587,0,geld,noobda,285,LF,NA
sq7084c0uf,1770,1,clate,clate,105,LF,NA
sxlxa1f5y9,6658,1,grah,grah,60,HF,NA
sxlxa1f5y9,6205,1,noobda,noobda,105,LF,NA
sxlxa1f5y9,3130,1,gled,gled,15,HF,NA
sxlxa1f5y9,7781,1,pim,pim,285,LF,NA
sxlxa1f5y9,4776,1,noom,noom,195,HF,NA
sxlxa1f5y9,3521,1,blit,blit,330,LF,NA
sxlxa1f5y9,6732,0,goon,gorm,150,LF,NA
sxlxa1f5y9,3639,0,clat,clate,240,HF,NA
sycm940zx9,6291,1,gorm,gorm,195,HF,NA
sycm940zx9,2738,1,gled,gled,105,LF,NA
sycm940zx9,8312,1,noobda,noobda,15,HF,NA
sycm940zx9,4517,1,pim,pim,240,HF,NA
sycm940zx9,3053,1,grah,grah,60,HF,NA
sycm940zx9,3008,1,noom,noom,285,LF,NA
sycm940zx9,2916,0,grate,clate,330,LF,NA
sycm940zx9,2684,1,blit,blit,150,LF,NA
t498zt4avz,4206,1,gled,gled,15,HF,NA
t498zt4avz,2403,1,pim,pim,60,HF,NA
t498zt4avz,8660,0,gorm,grah,330,LF,NA
t498zt4avz,3537,1,noom,noom,195,HF,NA
t498zt4avz,2309,1,blit,blit,240,HF,NA
t498zt4avz,4921,1,noobda,noobda,285,LF,NA
t498zt4avz,16995,1,gorm,gorm,105,LF,NA
t498zt4avz,2024,1,clate,clate,150,LF,NA
tbehp3kn4l,5224,1,gorm,gorm,285,LF,NA
tbehp3kn4l,3208,1,gled,gled,105,LF,NA
tbehp3kn4l,4520,1,grah,grah,330,LF,NA
tbehp3kn4l,2319,1,noobda,noobda,15,HF,NA
tbehp3kn4l,5546,1,blit,blit,150,LF,NA
tbehp3kn4l,2392,1,noom,noom,240,HF,NA
tbehp3kn4l,3287,1,clate,clate,195,HF,NA
tbehp3kn4l,4682,0,noobda,pim,60,HF,NA
tfzy1aa702,6882,0,cled,gled,15,HF,NA
tfzy1aa702,5605,0,gorm,noom,150,LF,NA
tfzy1aa702,3170,1,clate,clate,60,HF,NA
tfzy1aa702,2582,1,gorm,gorm,105,LF,NA
tfzy1aa702,2714,1,blit,blit,195,HF,NA
tfzy1aa702,6387,0,gled,grah,330,LF,NA
tfzy1aa702,2324,1,pim,pim,240,HF,NA
tfzy1aa702,3194,1,noobda,noobda,285,LF,NA
tgsptksq5v,2769,1,gled,gled,105,LF,NA
tgsptksq5v,2026,1,pim,pim,150,LF,NA
tgsptksq5v,2028,1,blit,blit,195,HF,NA
tgsptksq5v,2138,1,noobda,noobda,15,HF,NA
tgsptksq5v,3213,1,gorm,gorm,330,LF,NA
tgsptksq5v,2164,1,grah,grah,240,HF,NA
tgsptksq5v,4178,0,gorm,noom,285,LF,NA
tgsptksq5v,2123,1,clate,clate,60,HF,NA
tmccsd2nbz,4382,1,gled,gled,240,HF,NA
tmccsd2nbz,2872,1,noobda,noobda,330,LF,NA
tmccsd2nbz,1799,1,pim,pim,15,HF,NA
tmccsd2nbz,4147,1,noom,noom,105,LF,NA
tmccsd2nbz,3891,0,gram,gorm,285,LF,NA
tmccsd2nbz,2446,1,blit,blit,195,HF,NA
tmccsd2nbz,2526,1,grah,grah,60,HF,NA
tmccsd2nbz,6026,1,clate,clate,150,LF,NA
ttzedhf22d,4437,1,noom,noom,15,HF,NA
ttzedhf22d,1561,1,clate,clate,240,HF,NA
ttzedhf22d,3556,1,gorm,gorm,105,LF,NA
ttzedhf22d,1741,1,gled,gled,195,HF,NA
ttzedhf22d,3229,1,noobda,noobda,150,LF,NA
ttzedhf22d,3352,1,grah,grah,285,LF,NA
ttzedhf22d,1765,1,blit,blit,330,LF,NA
ttzedhf22d,1758,1,pim,pim,60,HF,NA
tyx17br3pl,4880,0,gret,gled,240,HF,NA
tyx17br3pl,4824,1,gorm,gorm,105,LF,NA
tyx17br3pl,1672,1,noom,noom,285,LF,NA
tyx17br3pl,1978,1,noobda,noobda,195,HF,NA
tyx17br3pl,1589,1,blit,blit,330,LF,NA
tyx17br3pl,1235,1,pim,pim,15,HF,NA
tyx17br3pl,2869,0,gret,grah,150,LF,NA
tyx17br3pl,1953,1,clate,clate,60,HF,NA
u040fwsztl,5958,1,noom,noom,150,LF,NA
u040fwsztl,3836,1,clate,clate,60,HF,NA
u040fwsztl,3797,0,noobda,pim,240,HF,NA
u040fwsztl,5489,1,blit,blit,105,LF,NA
u040fwsztl,3492,1,grah,grah,330,LF,NA
u040fwsztl,3718,1,gled,gled,285,LF,NA
u040fwsztl,3021,0,grom,gorm,15,HF,NA
u040fwsztl,9020,1,noobda,noobda,195,HF,NA
ubjojzl2ka,2402,1,gorm,gorm,240,HF,NA
ubjojzl2ka,1701,0,gleb,gled,195,HF,NA
ubjojzl2ka,1804,1,clate,clate,330,LF,NA
ubjojzl2ka,1819,1,noobda,noobda,15,HF,NA
ubjojzl2ka,1757,1,blit,blit,105,LF,NA
ubjojzl2ka,1676,1,grah,grah,60,HF,NA
ubjojzl2ka,2342,1,pim,pim,150,LF,NA
ubjojzl2ka,1957,1,noom,noom,285,LF,NA
ucfq24h48j,6011,0,greh,grah,240,HF,NA
ucfq24h48j,2864,1,noom,noom,60,HF,NA
ucfq24h48j,2431,1,pim,pim,330,LF,NA
ucfq24h48j,3010,0,cleat,clate,195,HF,NA
ucfq24h48j,3732,0,grom,gorm,15,HF,NA
ucfq24h48j,2841,1,blit,blit,150,LF,NA
ucfq24h48j,3569,1,noobda,noobda,105,LF,NA
ucfq24h48j,2692,0,pim,gled,285,LF,NA
ufpf2j3316,6138,1,clate,clate,105,LF,NA
ufpf2j3316,2542,1,noom,noom,195,HF,NA
ufpf2j3316,3566,1,noobda,noobda,15,HF,NA
ufpf2j3316,2699,1,gorm,gorm,150,LF,NA
ufpf2j3316,3265,1,pim,pim,60,HF,NA
ufpf2j3316,2601,1,grah,grah,285,LF,NA
ufpf2j3316,4933,1,gled,gled,240,HF,NA
ufpf2j3316,1902,1,blit,blit,330,LF,NA
ugddgrcue1,2190,1,noom,noom,195,HF,NA
ugddgrcue1,2125,1,noobda,noobda,60,HF,NA
ugddgrcue1,2641,1,gled,gled,150,LF,NA
ugddgrcue1,1708,1,grah,grah,240,HF,NA
ugddgrcue1,1583,1,clate,clate,105,LF,NA
ugddgrcue1,1818,1,blit,blit,330,LF,NA
ugddgrcue1,1549,1,pim,pim,285,LF,NA
ugddgrcue1,5381,0,norm,gorm,15,HF,NA
usc0o5oc82,3522,0,grah,gorm,60,HF,NA
usc0o5oc82,1895,0,grah,gled,285,LF,NA
usc0o5oc82,2509,1,noom,noom,240,HF,NA
usc0o5oc82,2801,0,noom,pim,105,LF,NA
usc0o5oc82,2134,0,grah,blit,15,HF,NA
usc0o5oc82,10546,0,noom,noobda,150,LF,NA
usc0o5oc82,5677,0,grah,clate,195,HF,NA
usc0o5oc82,1969,0,pim,grah,330,LF,NA
uubbwlzaxh,4358,1,pim,pim,195,HF,NA
uubbwlzaxh,5786,1,noobda,noobda,150,LF,NA
uubbwlzaxh,3513,1,gorm,gorm,60,HF,NA
uubbwlzaxh,5899,0,gorm,gled,105,LF,NA
uubbwlzaxh,5127,0,grah,blit,330,LF,NA
uubbwlzaxh,3274,1,grah,grah,15,HF,NA
uubbwlzaxh,3831,1,noom,noom,240,HF,NA
uubbwlzaxh,3827,0,blit,clate,285,LF,NA
v0ts2y4y2k,3952,1,noom,noom,150,LF,NA
v0ts2y4y2k,6953,1,grah,grah,330,LF,NA
v0ts2y4y2k,3353,1,pim,pim,15,HF,NA
v0ts2y4y2k,2242,1,blit,blit,60,HF,NA
v0ts2y4y2k,2955,1,noobda,noobda,105,LF,NA
v0ts2y4y2k,3450,1,clate,clate,285,LF,NA
v0ts2y4y2k,3007,0,grom,gorm,240,HF,NA
v0ts2y4y2k,3935,1,gled,gled,195,HF,NA
v9najnws3y,9369,1,grah,grah,330,LF,NA
v9najnws3y,6719,1,pim,pim,150,LF,NA
v9najnws3y,7857,1,clate,clate,60,HF,NA
v9najnws3y,7850,1,noobda,noobda,15,HF,NA
v9najnws3y,8867,1,gorm,gorm,285,LF,NA
v9najnws3y,6637,1,gled,gled,105,LF,NA
v9najnws3y,9291,1,blit,blit,240,HF,NA
v9najnws3y,9582,1,noom,noom,195,HF,NA
vc2eq0f8f5,4321,1,blit,blit,150,LF,NA
vc2eq0f8f5,3977,0,noomda,noobda,195,HF,NA
vc2eq0f8f5,1768,1,gorm,gorm,105,LF,NA
vc2eq0f8f5,3797,0,glem,gled,60,HF,NA
vc2eq0f8f5,2741,1,noom,noom,240,HF,NA
vc2eq0f8f5,2351,1,clate,clate,330,LF,NA
vc2eq0f8f5,936,1,pim,pim,285,LF,NA
vc2eq0f8f5,2028,1,grah,grah,15,HF,NA
ve05k9mzol,2149,1,grah,grah,60,HF,NA
ve05k9mzol,1864,1,pim,pim,240,HF,NA
ve05k9mzol,3710,1,noobda,noobda,150,LF,NA
ve05k9mzol,1497,1,clate,clate,105,LF,NA
ve05k9mzol,2301,1,blit,blit,285,LF,NA
ve05k9mzol,2888,1,noom,noom,15,HF,NA
ve05k9mzol,2269,1,gorm,gorm,330,LF,NA
ve05k9mzol,2504,1,gled,gled,195,HF,NA
vkdca2f9kr,5737,1,clate,clate,150,LF,NA
vkdca2f9kr,4834,1,grah,grah,240,HF,NA
vkdca2f9kr,6012,1,blit,blit,195,HF,NA
vkdca2f9kr,3284,1,gled,gled,285,LF,NA
vkdca2f9kr,4059,1,gorm,gorm,105,LF,NA
vkdca2f9kr,3134,1,noom,noom,15,HF,NA
vkdca2f9kr,2804,1,pim,pim,330,LF,NA
vkdca2f9kr,4954,1,noobda,noobda,60,HF,NA
w69wwtke6m,2995,1,gorm,gorm,150,LF,NA
w69wwtke6m,3010,1,noom,noom,285,LF,NA
w69wwtke6m,2336,1,noobda,noobda,105,LF,NA
w69wwtke6m,1674,1,blit,blit,240,HF,NA
w69wwtke6m,1821,1,pim,pim,330,LF,NA
w69wwtke6m,1820,1,clate,clate,195,HF,NA
w69wwtke6m,1755,1,grah,grah,60,HF,NA
w69wwtke6m,1286,1,gled,gled,15,HF,NA
w8rytda2wn,3631,1,blit,blit,105,LF,NA
w8rytda2wn,14058,0,neem,noom,330,LF,NA
w8rytda2wn,5231,1,gled,gled,60,HF,NA
w8rytda2wn,3113,1,clate,clate,285,LF,NA
w8rytda2wn,4194,1,noobda,noobda,195,HF,NA
w8rytda2wn,3152,1,grah,grah,15,HF,NA
w8rytda2wn,2600,1,pim,pim,150,LF,NA
w8rytda2wn,3146,1,gorm,gorm,240,HF,NA
wcwktwucuq,8134,1,clate,clate,285,LF,NA
wcwktwucuq,2263,1,pim,pim,15,HF,NA
wcwktwucuq,3531,1,noom,noom,195,HF,NA
wcwktwucuq,4318,1,gled,gled,240,HF,NA
wcwktwucuq,3599,1,gorm,gorm,105,LF,NA
wcwktwucuq,3861,1,blit,blit,60,HF,NA
wcwktwucuq,3083,1,grah,grah,150,LF,NA
wcwktwucuq,4489,1,noobda,noobda,330,LF,NA
wq0es8yup3,5128,1,noobda,noobda,240,HF,NA
wq0es8yup3,5686,1,grah,grah,150,LF,NA
wq0es8yup3,3302,1,clate,clate,195,HF,NA
wq0es8yup3,3630,1,gled,gled,15,HF,NA
wq0es8yup3,3791,1,gorm,gorm,105,LF,NA
wq0es8yup3,3407,1,pim,pim,60,HF,NA
wq0es8yup3,3615,1,noom,noom,285,LF,NA
wq0es8yup3,4013,0,glit,blit,330,LF,NA
x00p8gqg12,6915,1,noom,noom,150,LF,NA
x00p8gqg12,6286,0,norm,grah,60,HF,NA
x00p8gqg12,6933,0,noomda,noobda,105,LF,NA
x00p8gqg12,5444,1,gorm,gorm,195,HF,NA
x00p8gqg12,2203,1,clate,clate,240,HF,NA
x00p8gqg12,2781,0,glem,gled,330,LF,NA
x00p8gqg12,15469,0,norb,blit,285,LF,NA
x00p8gqg12,3294,0,glim,pim,15,HF,NA
xnh52jthk3,9134,1,clate,clate,330,LF,NA
xnh52jthk3,4673,1,pim,pim,240,HF,NA
xnh52jthk3,4809,1,grah,grah,105,LF,NA
xnh52jthk3,5113,1,gorm,gorm,150,LF,NA
xnh52jthk3,6091,1,gled,gled,195,HF,NA
xnh52jthk3,7188,1,noom,noom,15,HF,NA
xnh52jthk3,6523,1,noobda,noobda,285,LF,NA
xnh52jthk3,5703,1,blit,blit,60,HF,NA
xpm7oory0n,9363,1,noobda,noobda,195,HF,NA
xpm7oory0n,7887,1,pim,pim,60,HF,NA
xpm7oory0n,4590,1,grah,grah,105,LF,NA
xpm7oory0n,15230,1,noom,noom,15,HF,NA
xpm7oory0n,2256,1,blit,blit,240,HF,NA
xpm7oory0n,3983,1,clate,clate,330,LF,NA
xpm7oory0n,3935,1,gled,gled,285,LF,NA
xpm7oory0n,5613,1,gorm,gorm,150,LF,NA
ybqymvb2ux,2716,1,pim,pim,105,LF,NA
ybqymvb2ux,2442,0,blat,blit,150,LF,NA
ybqymvb2ux,1938,0,NA,gled,285,LF,NA
ybqymvb2ux,2154,1,noobda,noobda,330,LF,NA
ybqymvb2ux,1618,1,clate,clate,15,HF,NA
ybqymvb2ux,943,0,NA,grah,60,HF,NA
ybqymvb2ux,1739,1,noom,noom,195,HF,NA
ybqymvb2ux,366,0,NA,gorm,240,HF,NA
ym8mwaxsnp,4068,1,grah,grah,60,HF,NA
ym8mwaxsnp,2458,1,gled,gled,330,LF,NA
ym8mwaxsnp,2780,1,pim,pim,285,LF,NA
ym8mwaxsnp,2982,1,blit,blit,150,LF,NA
ym8mwaxsnp,3146,1,clate,clate,105,LF,NA
ym8mwaxsnp,2339,1,noom,noom,240,HF,NA
ym8mwaxsnp,2851,1,noobda,noobda,15,HF,NA
ym8mwaxsnp,1768,1,gorm,gorm,195,HF,NA
ynd121jspy,3477,1,grah,grah,285,LF,NA
ynd121jspy,2875,1,blit,blit,240,HF,NA
ynd121jspy,2273,1,pim,pim,105,LF,NA
ynd121jspy,2509,1,gled,gled,195,HF,NA
ynd121jspy,3080,1,noobda,noobda,60,HF,NA
ynd121jspy,3050,1,clate,clate,150,LF,NA
ynd121jspy,2195,1,noom,noom,330,LF,NA
ynd121jspy,2401,1,gorm,gorm,15,HF,NA
yrjlzegnoj,6473,1,noobda,noobda,15,HF,NA
yrjlzegnoj,3654,1,noom,noom,105,LF,NA
yrjlzegnoj,3464,1,blit,blit,150,LF,NA
yrjlzegnoj,4829,1,grah,grah,285,LF,NA
yrjlzegnoj,3272,1,pim,pim,330,LF,NA
yrjlzegnoj,4454,1,gled,gled,195,HF,NA
yrjlzegnoj,30093,1,clate,clate,240,HF,NA
yrjlzegnoj,4934,1,gorm,gorm,60,HF,NA
ytw1pqq2qh,4774,1,grah,grah,285,LF,NA
ytw1pqq2qh,4424,1,gorm,gorm,60,HF,NA
ytw1pqq2qh,4316,1,noobda,noobda,15,HF,NA
ytw1pqq2qh,2560,1,clate,clate,240,HF,NA
ytw1pqq2qh,4997,1,pim,pim,330,LF,NA
ytw1pqq2qh,4520,1,noom,noom,195,HF,NA
ytw1pqq2qh,3895,0,gled,blit,105,LF,NA
ytw1pqq2qh,2645,0,blit,gled,150,LF,NA
z2jrbz4zof,2340,1,gorm,gorm,60,HF,NA
z2jrbz4zof,2715,1,grah,grah,240,HF,NA
z2jrbz4zof,5676,1,noobda,noobda,150,LF,NA
z2jrbz4zof,4291,1,clate,clate,195,HF,NA
z2jrbz4zof,2548,1,pim,pim,15,HF,NA
z2jrbz4zof,2845,0,gled,noom,330,LF,NA
z2jrbz4zof,6827,1,blit,blit,105,LF,NA
z2jrbz4zof,3196,1,gled,gled,285,LF,NA
z41az9tn39,3311,1,grah,grah,330,LF,NA
z41az9tn39,2107,1,blit,blit,195,HF,NA
z41az9tn39,3363,0,glet,gled,285,LF,NA
z41az9tn39,2494,1,clate,clate,150,LF,NA
z41az9tn39,1928,1,pim,pim,240,HF,NA
z41az9tn39,1849,1,gorm,gorm,15,HF,NA
z41az9tn39,2023,1,noobda,noobda,60,HF,NA
z41az9tn39,2155,1,noom,noom,105,LF,NA
z8zdkp7dgw,4802,1,blit,blit,150,LF,NA
z8zdkp7dgw,2496,1,gorm,gorm,330,LF,NA
z8zdkp7dgw,2274,1,gled,gled,285,LF,NA
z8zdkp7dgw,2971,1,grah,grah,195,HF,NA
z8zdkp7dgw,1717,1,noom,noom,60,HF,NA
z8zdkp7dgw,1987,1,noobda,noobda,15,HF,NA
z8zdkp7dgw,3015,1,clate,clate,105,LF,NA
z8zdkp7dgw,2097,1,pim,pim,240,HF,NA
z9o3zakd1d,5360,1,blit,blit,330,LF,NA
z9o3zakd1d,6770,1,gled,gled,240,HF,NA
z9o3zakd1d,4141,1,noobda,noobda,15,HF,NA
z9o3zakd1d,3858,1,clate,clate,285,LF,NA
z9o3zakd1d,3637,1,noom,noom,150,LF,NA
z9o3zakd1d,4640,1,pim,pim,105,LF,NA
z9o3zakd1d,6283,1,grah,grah,60,HF,NA
z9o3zakd1d,4780,0,noom,gorm,195,HF,NA
zbjy6wmfqm,2778,0,grah,gorm,60,HF,NA
zbjy6wmfqm,1661,1,blit,blit,240,HF,NA
zbjy6wmfqm,4492,1,grah,grah,285,LF,NA
zbjy6wmfqm,2970,1,noobda,noobda,105,LF,NA
zbjy6wmfqm,1547,1,noom,noom,15,HF,NA
zbjy6wmfqm,1464,1,pim,pim,195,HF,NA
zbjy6wmfqm,1941,1,gled,gled,150,LF,NA
zbjy6wmfqm,1896,1,clate,clate,330,LF,NA
zc16eafb5s,4144,1,grah,grah,195,HF,NA
zc16eafb5s,2778,1,noobda,noobda,60,HF,NA
zc16eafb5s,2831,1,clate,clate,330,LF,NA
zc16eafb5s,2290,1,blit,blit,240,HF,NA
zc16eafb5s,11539,1,gorm,gorm,285,LF,NA
zc16eafb5s,1660,1,pim,pim,15,HF,NA
zc16eafb5s,2337,1,noom,noom,150,LF,NA
zc16eafb5s,2415,1,gled,gled,105,LF,NA
zebb16z02e,3923,1,clate,clate,285,LF,NA
zebb16z02e,2595,1,grah,grah,150,LF,NA
zebb16z02e,4917,1,blit,blit,15,HF,NA
zebb16z02e,1874,1,noom,noom,60,HF,NA
zebb16z02e,1960,1,gorm,gorm,240,HF,NA
zebb16z02e,2695,1,noobda,noobda,195,HF,NA
zebb16z02e,4095,1,gled,gled,105,LF,NA
zebb16z02e,2925,1,pim,pim,330,LF,NA
zp8syw708r,4831,1,pim,pim,150,LF,NA
zp8syw708r,5001,1,blit,blit,15,HF,NA
zp8syw708r,3938,1,gled,gled,240,HF,NA
zp8syw708r,2010,1,grah,grah,60,HF,NA
zp8syw708r,3567,1,noobda,noobda,105,LF,NA
zp8syw708r,1933,1,clate,clate,195,HF,NA
zp8syw708r,3116,1,noom,noom,330,LF,NA
zp8syw708r,7445,0,noom,gorm,285,LF,NA
ztmh65qfym,4170,1,pim,pim,60,HF,NA
ztmh65qfym,3972,1,noom,noom,105,LF,NA
ztmh65qfym,4777,1,clate,clate,195,HF,NA
ztmh65qfym,4778,1,gled,gled,15,HF,NA
ztmh65qfym,3392,1,grah,grah,285,LF,NA
ztmh65qfym,3520,1,gorm,gorm,330,LF,NA
ztmh65qfym,3412,1,blit,blit,150,LF,NA
ztmh65qfym,5269,1,noobda,noobda,240,HF,NA
zz1m5zysfx,5363,0,NA,blit,195,HF,NA
zz1m5zysfx,5253,1,pim,pim,240,HF,NA
zz1m5zysfx,10424,0,noomda,noobda,285,LF,NA
zz1m5zysfx,3604,1,noom,noom,330,LF,NA
zz1m5zysfx,14248,1,gorm,gorm,15,HF,NA
zz1m5zysfx,3688,0,NA,grah,105,LF,NA
zz1m5zysfx,5012,0,gleb,gled,60,HF,NA
zz1m5zysfx,3788,1,clate,clate,150,LF,NA
